feature_group,feature,mean,median,minimum,maximum,zero_pct,negative_pct
bill_amount,BILL_AMT1,51223.3309,22381.5,-165580.0,964511.0,6.693333333333333,1.9666666666666666
bill_amount,BILL_AMT2,49179.07516666667,21200.0,-69777.0,983931.0,8.353333333333333,2.23
bill_amount,BILL_AMT3,47013.1548,20088.5,-157264.0,1664089.0,9.566666666666666,2.183333333333333
bill_amount,BILL_AMT4,43262.94896666666,19052.0,-170000.0,891586.0,10.65,2.25
bill_amount,BILL_AMT5,40311.40096666667,18104.5,-81334.0,927171.0,11.686666666666666,2.183333333333333
bill_amount,BILL_AMT6,38871.7604,17071.0,-339603.0,961664.0,13.4,2.2933333333333334
payment_amount,PAY_AMT1,5663.5805,2100.0,0.0,873552.0,17.496666666666666,0.0
payment_amount,PAY_AMT2,5921.1635,2009.0,0.0,1684259.0,17.986666666666668,0.0
payment_amount,PAY_AMT3,5225.6815,1800.0,0.0,896040.0,19.89333333333333,0.0
payment_amount,PAY_AMT4,4826.076866666666,1500.0,0.0,621000.0,21.36,0.0
payment_amount,PAY_AMT5,4799.387633333334,1500.0,0.0,426529.0,22.343333333333334,0.0
payment_amount,PAY_AMT6,5215.502566666667,1500.0,0.0,528666.0,23.91,0.0
