feature,code,count,percentage,documented
EDUCATION,0,14,0.04666666666666667,False
EDUCATION,1,10585,35.28333333333333,True
EDUCATION,2,14030,46.766666666666666,True
EDUCATION,3,4917,16.39,True
EDUCATION,4,123,0.41000000000000003,True
EDUCATION,5,280,0.9333333333333335,False
EDUCATION,6,51,0.16999999999999998,False
MARRIAGE,0,54,0.18,False
MARRIAGE,1,13659,45.53,True
MARRIAGE,2,15964,53.21333333333334,True
MARRIAGE,3,323,1.0766666666666667,True
PAY_0,-2,2759,9.196666666666667,False
PAY_0,-1,5686,18.953333333333333,True
PAY_0,0,14737,49.123333333333335,False
PAY_0,1,3688,12.293333333333333,True
PAY_0,2,2667,8.89,True
PAY_0,3,322,1.0733333333333333,True
PAY_0,4,76,0.2533333333333333,True
PAY_0,5,26,0.08666666666666667,True
PAY_0,6,11,0.03666666666666667,True
PAY_0,7,9,0.03,True
PAY_0,8,19,0.06333333333333332,True
PAY_2,-2,3782,12.606666666666666,False
PAY_2,-1,6050,20.166666666666664,True
PAY_2,0,15730,52.43333333333333,False
PAY_2,1,28,0.09333333333333334,True
PAY_2,2,3927,13.089999999999998,True
PAY_2,3,326,1.0866666666666667,True
PAY_2,4,99,0.33,True
PAY_2,5,25,0.08333333333333334,True
PAY_2,6,12,0.04,True
PAY_2,7,20,0.06666666666666667,True
PAY_2,8,1,0.0033333333333333335,True
PAY_3,-2,4085,13.616666666666665,False
PAY_3,-1,5938,19.793333333333333,True
PAY_3,0,15764,52.54666666666667,False
PAY_3,1,4,0.013333333333333334,True
PAY_3,2,3819,12.73,True
PAY_3,3,240,0.8,True
PAY_3,4,76,0.2533333333333333,True
PAY_3,5,21,0.06999999999999999,True
PAY_3,6,23,0.07666666666666667,True
PAY_3,7,27,0.09,True
PAY_3,8,3,0.01,True
PAY_4,-2,4348,14.493333333333332,False
PAY_4,-1,5687,18.956666666666667,True
PAY_4,0,16455,54.85,False
PAY_4,1,2,0.006666666666666667,True
PAY_4,2,3159,10.530000000000001,True
PAY_4,3,180,0.6,True
PAY_4,4,69,0.22999999999999998,True
PAY_4,5,35,0.11666666666666668,True
PAY_4,6,5,0.016666666666666666,True
PAY_4,7,58,0.19333333333333333,True
PAY_4,8,2,0.006666666666666667,True
PAY_5,-2,4546,15.153333333333332,False
PAY_5,-1,5539,18.463333333333335,True
PAY_5,0,16947,56.489999999999995,False
PAY_5,2,2626,8.753333333333334,True
PAY_5,3,178,0.5933333333333333,True
PAY_5,4,84,0.27999999999999997,True
PAY_5,5,17,0.05666666666666667,True
PAY_5,6,4,0.013333333333333334,True
PAY_5,7,58,0.19333333333333333,True
PAY_5,8,1,0.0033333333333333335,True
PAY_6,-2,4895,16.316666666666666,False
PAY_6,-1,5740,19.133333333333333,True
PAY_6,0,16286,54.28666666666667,False
PAY_6,2,2766,9.22,True
PAY_6,3,184,0.6133333333333334,True
PAY_6,4,49,0.16333333333333333,True
PAY_6,5,13,0.043333333333333335,True
PAY_6,6,19,0.06333333333333332,True
PAY_6,7,46,0.15333333333333335,True
PAY_6,8,2,0.006666666666666667,True
SEX,1,11888,39.626666666666665,True
SEX,2,18112,60.373333333333335,True
