feature,feature_type,psi,drift_band
BILL_AMT1,numeric,0.003899275271865279,low
PAY_AMT2,numeric,0.0030939078577637844,low
BILL_MEAN_6M,numeric,0.002412409132698102,low
BILL_MIN_6M,numeric,0.0023704020240871487,low
PAY_AMT4,numeric,0.002245880825509165,low
PAYMENT_SUM_6M,numeric,0.0022050282985396283,low
PAYMENT_MEAN_6M,numeric,0.0022050282985396283,low
BILL_STD_6M,numeric,0.0020433669550794014,low
BILL_AMT6,numeric,0.0020317198840698715,low
BILL_AMT2,numeric,0.0020095490629991612,low
LATEST_UTILIZATION,numeric,0.0018525388638176961,low
PAYMENT_TO_LIMIT_6M,numeric,0.001765840298977099,low
BILL_CHANGE_RECENT_VS_OLDEST,numeric,0.001596792884267814,low
BILL_AMT3,numeric,0.0013937062631780549,low
PAY_AMT3,numeric,0.0011836476009019264,low
PAYMENT_MAX_6M,numeric,0.001155984720784983,low
MEAN_UTILIZATION_6M,numeric,0.0010999359654044092,low
BILL_AMT5,numeric,0.0010035339275644177,low
MARRIAGE_GROUP,categorical,0.0009307979458698097,low
PAY_3,numeric,0.0009228395599987094,low
MAX_UTILIZATION_6M,numeric,0.0009143058810143084,low
BILL_AMT4,numeric,0.0008900364045299597,low
BILL_MAX_6M,numeric,0.0008096860173895134,low
PAY_AMT5,numeric,0.0006162965198283878,low
LIMIT_BAL,numeric,0.0006109766428989728,low
PAY_4,numeric,0.0005450057413479005,low
PAY_AMT6,numeric,0.0004987146530896871,low
PAY_AMT1,numeric,0.0004510025260185471,low
EDUCATION_GROUP,categorical,0.0004459507529760393,low
PAY_2,numeric,0.0004014640598144931,low
SEVERE_DELINQUENT_MONTHS_6M,numeric,0.000348481221569938,low
PAY_0,numeric,0.00034833039584462704,low
DELINQUENT_MONTHS_6M,numeric,0.00024366173006411967,low
MEAN_DELAY_MONTHS_6M,numeric,0.00023916320171318918,low
PAY_6,numeric,0.0002143185355050126,low
PAY_5,numeric,0.00018930695376941675,low
RECENT_DELAY_MONTHS,numeric,0.00012920359445641616,low
MAX_DELAY_MONTHS_6M,numeric,0.00011121661107272015,low
ZERO_PAYMENT_MONTHS_6M,numeric,0.0001013315542641439,low
ZERO_LIMIT_FLAG,numeric,0.0,low
