audit_dimension,metric,min_value,max_value,max_minus_min_gap
AGE_BAND,selection_rate,0.48123791102514507,0.7013752455795678,0.2201373345544227
AGE_BAND,recall,0.7920560747663551,0.9166666666666666,0.12461059190031154
AGE_BAND,false_positive_rate,0.2857142857142857,0.6300268096514745,0.3443125239371888
AGE_BAND,false_negative_rate,0.08333333333333333,0.20794392523364486,0.12461059190031153
AGE_BAND,brier_score,0.12353650480508804,0.19026541709899902,0.06672891229391098
AGE_BAND,roc_auc,0.7793629727936298,0.8869047619047619,0.1075417891111321
AGE_BAND,pr_auc,0.5003561467565542,0.8627175577833472,0.3623614110267931
SEX_GROUP,selection_rate,0.49100968188105115,0.5421383647798742,0.05112868289882305
SEX_GROUP,recall,0.8125,0.8303130148270181,0.017813014827018137
SEX_GROUP,false_positive_rate,0.4110535405872193,0.4437570303712036,0.032703489783984296
SEX_GROUP,false_negative_rate,0.1696869851729819,0.1875,0.01781301482701811
SEX_GROUP,brier_score,0.12218312919139862,0.14983388781547546,0.027650758624076843
SEX_GROUP,roc_auc,0.7798046043256126,0.7938840913452312,0.014079487019618586
SEX_GROUP,pr_auc,0.5513377371425169,0.5791964595925624,0.027858722450045503
