feature,role,dtype,unique_values
CLIENT_ID,identifier,int64,30000
LIMIT_BAL,model_numeric,int64,81
SEX,audit_only,int64,2
EDUCATION,reference_only,int64,7
MARRIAGE,reference_only,int64,4
AGE,audit_only,int64,56
PAY_0,model_numeric,int64,11
PAY_2,model_numeric,int64,11
PAY_3,model_numeric,int64,11
PAY_4,model_numeric,int64,11
PAY_5,model_numeric,int64,10
PAY_6,model_numeric,int64,10
BILL_AMT1,model_numeric,int64,22723
BILL_AMT2,model_numeric,int64,22346
BILL_AMT3,model_numeric,int64,22026
BILL_AMT4,model_numeric,int64,21548
BILL_AMT5,model_numeric,int64,21010
BILL_AMT6,model_numeric,int64,20604
PAY_AMT1,model_numeric,int64,7943
PAY_AMT2,model_numeric,int64,7899
PAY_AMT3,model_numeric,int64,7518
PAY_AMT4,model_numeric,int64,6937
PAY_AMT5,model_numeric,int64,6897
PAY_AMT6,model_numeric,int64,6939
DEFAULT_NEXT_MONTH,target,int64,2
SEX_GROUP,audit_only,string,2
EDUCATION_GROUP,model_categorical,string,5
MARRIAGE_GROUP,model_categorical,string,4
AGE_BAND,audit_only,string,6
DELINQUENT_MONTHS_6M,model_engineered_numeric,int64,7
SEVERE_DELINQUENT_MONTHS_6M,model_engineered_numeric,int64,7
MAX_DELAY_MONTHS_6M,model_engineered_numeric,int64,9
MEAN_DELAY_MONTHS_6M,model_engineered_numeric,float64,35
RECENT_DELAY_MONTHS,model_engineered_numeric,int64,9
BILL_MEAN_6M,model_engineered_numeric,float64,27370
BILL_STD_6M,model_engineered_numeric,float64,28375
BILL_MAX_6M,model_engineered_numeric,int64,23979
BILL_MIN_6M,model_engineered_numeric,int64,18221
BILL_CHANGE_RECENT_VS_OLDEST,model_engineered_numeric,int64,21836
PAYMENT_MEAN_6M,model_engineered_numeric,float64,19180
PAYMENT_SUM_6M,model_engineered_numeric,int64,19180
PAYMENT_MAX_6M,model_engineered_numeric,int64,11670
ZERO_PAYMENT_MONTHS_6M,model_engineered_numeric,int64,7
LATEST_UTILIZATION,model_engineered_numeric,float64,25565
MEAN_UTILIZATION_6M,model_engineered_numeric,float64,28499
MAX_UTILIZATION_6M,model_engineered_numeric,float64,26141
PAYMENT_TO_LIMIT_6M,model_engineered_numeric,float64,23638
ZERO_LIMIT_FLAG,model_engineered_numeric,int8,1
