feature,dtype,rows,non_null,missing,missing_pct,unique_values,minimum,maximum,mean,median,standard_deviation
LIMIT_BAL,int64,30000,30000,0,0.0,81,10000.0,1000000.0,167484.32266666667,140000.0,129747.66156720239
SEX,int64,30000,30000,0,0.0,2,1.0,2.0,1.6037333333333332,2.0,0.48912919609026045
EDUCATION,int64,30000,30000,0,0.0,7,0.0,6.0,1.8531333333333333,2.0,0.7903486597207291
MARRIAGE,int64,30000,30000,0,0.0,4,0.0,3.0,1.5518666666666667,2.0,0.5219696006132487
AGE,int64,30000,30000,0,0.0,56,21.0,79.0,35.4855,34.0,9.217904068090188
PAY_0,int64,30000,30000,0,0.0,11,-2.0,8.0,-0.0167,0.0,1.1238015279973348
PAY_2,int64,30000,30000,0,0.0,11,-2.0,8.0,-0.13376666666666667,0.0,1.1971859730345533
PAY_3,int64,30000,30000,0,0.0,11,-2.0,8.0,-0.1662,0.0,1.1968675684465735
PAY_4,int64,30000,30000,0,0.0,11,-2.0,8.0,-0.22066666666666668,0.0,1.1691386224023375
PAY_5,int64,30000,30000,0,0.0,10,-2.0,8.0,-0.2662,0.0,1.1331874060027483
PAY_6,int64,30000,30000,0,0.0,10,-2.0,8.0,-0.2911,0.0,1.1499876256079027
BILL_AMT1,int64,30000,30000,0,0.0,22723,-165580.0,964511.0,51223.3309,22381.5,73635.86057552956
BILL_AMT2,int64,30000,30000,0,0.0,22346,-69777.0,983931.0,49179.07516666667,21200.0,71173.76878252835
BILL_AMT3,int64,30000,30000,0,0.0,22026,-157264.0,1664089.0,47013.1548,20088.5,69349.38742703684
BILL_AMT4,int64,30000,30000,0,0.0,21548,-170000.0,891586.0,43262.94896666666,19052.0,64332.85613391631
BILL_AMT5,int64,30000,30000,0,0.0,21010,-81334.0,927171.0,40311.40096666667,18104.5,60797.15577026487
BILL_AMT6,int64,30000,30000,0,0.0,20604,-339603.0,961664.0,38871.7604,17071.0,59554.10753674573
PAY_AMT1,int64,30000,30000,0,0.0,7943,0.0,873552.0,5663.5805,2100.0,16563.280354025766
PAY_AMT2,int64,30000,30000,0,0.0,7899,0.0,1684259.0,5921.1635,2009.0,23040.870402057237
PAY_AMT3,int64,30000,30000,0,0.0,7518,0.0,896040.0,5225.6815,1800.0,17606.961469803104
PAY_AMT4,int64,30000,30000,0,0.0,6937,0.0,621000.0,4826.076866666666,1500.0,15666.159744032007
PAY_AMT5,int64,30000,30000,0,0.0,6897,0.0,426529.0,4799.387633333334,1500.0,15278.30567914479
PAY_AMT6,int64,30000,30000,0,0.0,6939,0.0,528666.0,5215.502566666667,1500.0,17777.4657754353
