feature,coefficient,absolute_coefficient,odds_ratio
EDUCATION_GROUP_undocumented,-1.0241010792632987,1.0241010792632987,0.3591191399966722
MARRIAGE_GROUP_undocumented,-0.8668470908125928,0.8668470908125928,0.420274549990962
SEVERE_DELINQUENT_MONTHS_6M,0.8641409736925363,0.8641409736925363,2.372966769307611
MEAN_DELAY_MONTHS_6M,-0.8064758124783374,0.8064758124783374,0.4464285952627734
RECENT_DELAY_MONTHS,0.7069991982071324,0.7069991982071324,2.02789680273153
BILL_MAX_6M,-0.6609687156812101,0.6609687156812101,0.516350894930083
EDUCATION_GROUP_other_documented,-0.5856941780337414,0.5856941780337414,0.5567192653593426
PAYMENT_MAX_6M,0.37282543289011427,0.37282543289011427,1.4518308757901466
MAX_DELAY_MONTHS_6M,0.3245287643797235,0.3245287643797235,1.383378595087681
MARRIAGE_GROUP_single,-0.30583370347692646,0.30583370347692646,0.7365090881733323
BILL_MIN_6M,0.26929323736993516,0.26929323736993516,1.3090389439080998
PAY_0,-0.2314624397942615,0.2314624397942615,0.7933724941776071
ZERO_PAYMENT_MONTHS_6M,0.23018368518201782,0.23018368518201782,1.2588312173354266
LIMIT_BAL,-0.2073391997571581,0.2073391997571581,0.8127439206860302
BILL_STD_6M,0.20536281095817432,0.20536281095817432,1.227970505308613
PAY_AMT2,-0.1828218067823929,0.1828218067823929,0.8329165625964376
MARRIAGE_GROUP_married,-0.16872088092101908,0.16872088092101908,0.8447446548331714
PAYMENT_SUM_6M,-0.1447977577967548,0.1447977577967548,0.8651972548168804
PAYMENT_MEAN_6M,-0.1447977577967182,0.1447977577967182,0.865197254816912
PAY_AMT1,-0.13285907386471543,0.13285907386471543,0.8755884767146322
BILL_AMT3,0.13137224207001094,0.13137224207001094,1.1403922042677908
EDUCATION_GROUP_university,0.12337683616594339,0.12337683616594339,1.1313106594027929
BILL_AMT4,0.09312906061610068,0.09312906061610068,1.0976033834961898
EDUCATION_GROUP_graduate_school,0.09151711754131088,0.09151711754131088,1.0958355345420292
PAY_AMT6,-0.09032039130250546,0.09032039130250546,0.9136384165711557
BILL_CHANGE_RECENT_VS_OLDEST,0.08490186258653891,0.08490186258653891,1.0886102280640013
MEAN_UTILIZATION_6M,0.07684751066956295,0.07684751066956295,1.079877394055996
PAY_2,-0.06512571358234318,0.06512571358234318,0.9369496686740373
BILL_MEAN_6M,0.061912113734529824,0.061912113734529824,1.0638688411598545
BILL_AMT1,0.06077134739909135,0.06077134739909135,1.0626559073690927
LATEST_UTILIZATION,-0.05596588662918541,0.05596588662918541,0.9455713919677372
PAY_5,0.04903032569717743,0.04903032569717743,1.0502521998872756
BILL_AMT2,0.04579292968125888,0.04579292968125888,1.0468576153716547
EDUCATION_GROUP_high_school,0.04469448747740067,0.04469448747740067,1.0457083341105786
PAY_AMT5,-0.035496449907197095,0.035496449907197095,0.965126160511355
PAY_3,0.03147599058182319,0.03147599058182319,1.0319765981405076
PAY_AMT4,-0.02811843510460724,0.02811843510460724,0.9722732087028213
MAX_UTILIZATION_6M,0.023466607309115275,0.023466607309115275,1.0237441146050847
PAY_AMT3,-0.015991678111557946,0.015991678111557946,0.9841355098871328
PAY_4,0.013350990861314953,0.013350990861314953,1.0134405133005753
PAY_6,0.012426348581237692,0.012426348581237692,1.0125038764473846
BILL_AMT6,0.012028541907137803,0.012028541907137803,1.0121011757516047
MARRIAGE_GROUP_other_documented,-0.00880514090093222,0.00880514090093222,0.9912335108243888
PAYMENT_TO_LIMIT_6M,0.006766759187426745,0.006766759187426745,1.0067897054304116
DELINQUENT_MONTHS_6M,-0.006392073223155918,0.006392073223155918,0.9936283126178325
BILL_AMT5,0.00016081292887005802,0.00016081292887005802,1.0001608258599624
ZERO_LIMIT_FLAG,0.0,0.0,1.0
