repayment_feature,PAY_0,customers,defaults,default_rate,PAY_2,PAY_3,PAY_4,PAY_5,PAY_6
PAY_0,-2.0,2759,365,0.13229430953243929,,,,,
PAY_0,-1.0,5686,954,0.16778051354203308,,,,,
PAY_0,0.0,14737,1888,0.12811291307593134,,,,,
PAY_0,1.0,3688,1252,0.33947939262472887,,,,,
PAY_0,2.0,2667,1844,0.6914135733033371,,,,,
PAY_0,3.0,322,244,0.7577639751552795,,,,,
PAY_0,4.0,76,52,0.6842105263157895,,,,,
PAY_0,5.0,26,13,0.5,,,,,
PAY_0,6.0,11,6,0.5454545454545454,,,,,
PAY_0,7.0,9,7,0.7777777777777778,,,,,
PAY_0,8.0,19,11,0.5789473684210527,,,,,
PAY_2,,3782,691,0.18270756213643574,-2.0,,,,
PAY_2,,6050,966,0.1596694214876033,-1.0,,,,
PAY_2,,15730,2503,0.15912269548633184,0.0,,,,
PAY_2,,28,5,0.17857142857142858,1.0,,,,
PAY_2,,3927,2184,0.5561497326203209,2.0,,,,
PAY_2,,326,201,0.6165644171779141,3.0,,,,
PAY_2,,99,50,0.5050505050505051,4.0,,,,
PAY_2,,25,15,0.6,5.0,,,,
PAY_2,,12,9,0.75,6.0,,,,
PAY_2,,20,12,0.6,7.0,,,,
PAY_2,,1,0,0.0,8.0,,,,
PAY_3,,4085,757,0.18531211750305998,,-2.0,,,
PAY_3,,5938,926,0.1559447625463119,,-1.0,,,
PAY_3,,15764,2751,0.17451154529307283,,0.0,,,
PAY_3,,4,1,0.25,,1.0,,,
PAY_3,,3819,1969,0.515579994763027,,2.0,,,
PAY_3,,240,138,0.575,,3.0,,,
PAY_3,,76,44,0.5789473684210527,,4.0,,,
PAY_3,,21,12,0.5714285714285714,,5.0,,,
PAY_3,,23,14,0.6086956521739131,,6.0,,,
PAY_3,,27,22,0.8148148148148148,,7.0,,,
PAY_3,,3,2,0.6666666666666666,,8.0,,,
PAY_4,,4348,837,0.1925022999080037,,,-2.0,,
PAY_4,,5687,904,0.1589590293652189,,,-1.0,,
PAY_4,,16455,3016,0.1832877544819204,,,0.0,,
PAY_4,,2,1,0.5,,,1.0,,
PAY_4,,3159,1653,0.5232668566001899,,,2.0,,
PAY_4,,180,110,0.6111111111111112,,,3.0,,
PAY_4,,69,46,0.6666666666666666,,,4.0,,
PAY_4,,35,18,0.5142857142857142,,,5.0,,
PAY_4,,5,2,0.4,,,6.0,,
PAY_4,,58,48,0.8275862068965517,,,7.0,,
PAY_4,,2,1,0.5,,,8.0,,
PAY_5,,4546,895,0.1968763748350198,,,,-2.0,
PAY_5,,5539,897,0.1619425889149666,,,,-1.0,
PAY_5,,16947,3195,0.18852894317578334,,,,0.0,
PAY_5,,2626,1423,0.5418888042650419,,,,2.0,
PAY_5,,178,113,0.6348314606741573,,,,3.0,
PAY_5,,84,51,0.6071428571428571,,,,4.0,
PAY_5,,17,10,0.5882352941176471,,,,5.0,
PAY_5,,4,3,0.75,,,,6.0,
PAY_5,,58,48,0.8275862068965517,,,,7.0,
PAY_5,,1,1,1.0,,,,8.0,
PAY_6,,4895,981,0.2004085801838611,,,,,-2.0
PAY_6,,5740,975,0.16986062717770034,,,,,-1.0
PAY_6,,16286,3069,0.18844406238487044,,,,,0.0
PAY_6,,2766,1401,0.5065075921908894,,,,,2.0
PAY_6,,184,118,0.6413043478260869,,,,,3.0
PAY_6,,49,31,0.6326530612244898,,,,,4.0
PAY_6,,13,7,0.5384615384615384,,,,,5.0
PAY_6,,19,14,0.7368421052631579,,,,,6.0
PAY_6,,46,38,0.8260869565217391,,,,,7.0
PAY_6,,2,2,1.0,,,,,8.0
