case_number,CLIENT_ID,actual_default,predicted_probability,selected_threshold,predicted_risk_flag,rank,feature,feature_value,shap_value,direction
1,27193,1,0.879574179649353,0.145,1,1,PAY_0,3.0,1.0325978994369507,increases risk
1,27193,1,0.879574179649353,0.145,1,2,SEVERE_DELINQUENT_MONTHS_6M,6.0,0.4400729238986969,increases risk
1,27193,1,0.879574179649353,0.145,1,3,DELINQUENT_MONTHS_6M,6.0,0.23276719450950623,increases risk
1,27193,1,0.879574179649353,0.145,1,4,MEAN_DELAY_MONTHS_6M,2.1666666666666665,0.2233893871307373,increases risk
1,27193,1,0.879574179649353,0.145,1,5,RECENT_DELAY_MONTHS,3.0,0.19441448152065277,increases risk
1,27193,1,0.879574179649353,0.145,1,6,BILL_STD_6M,0.0,0.15304431319236755,increases risk
1,27193,1,0.879574179649353,0.145,1,7,MAX_DELAY_MONTHS_6M,3.0,0.09680081158876419,increases risk
1,27193,1,0.879574179649353,0.145,1,8,PAY_AMT6,0.0,0.07280873507261276,increases risk
1,27193,1,0.879574179649353,0.145,1,9,PAY_AMT3,0.0,0.07180623710155487,increases risk
1,27193,1,0.879574179649353,0.145,1,10,ZERO_PAYMENT_MONTHS_6M,6.0,0.061682071536779404,increases risk
2,13712,1,0.8740311861038208,0.145,1,1,PAY_0,2.0,1.019197702407837,increases risk
2,13712,1,0.8740311861038208,0.145,1,2,SEVERE_DELINQUENT_MONTHS_6M,6.0,0.4397738575935364,increases risk
2,13712,1,0.8740311861038208,0.145,1,3,DELINQUENT_MONTHS_6M,6.0,0.22994650900363922,increases risk
2,13712,1,0.8740311861038208,0.145,1,4,MEAN_DELAY_MONTHS_6M,2.0,0.1891031116247177,increases risk
2,13712,1,0.8740311861038208,0.145,1,5,RECENT_DELAY_MONTHS,2.0,0.18780849874019623,increases risk
2,13712,1,0.8740311861038208,0.145,1,6,BILL_STD_6M,0.0,0.134892538189888,increases risk
2,13712,1,0.8740311861038208,0.145,1,7,MAX_DELAY_MONTHS_6M,2.0,0.09332878887653351,increases risk
2,13712,1,0.8740311861038208,0.145,1,8,PAY_AMT3,0.0,0.06972859054803848,increases risk
2,13712,1,0.8740311861038208,0.145,1,9,PAY_AMT6,0.0,0.06059962138533592,increases risk
2,13712,1,0.8740311861038208,0.145,1,10,ZERO_PAYMENT_MONTHS_6M,6.0,0.06015009805560112,increases risk
3,20539,0,0.1475454419851303,0.145,1,1,PAY_0,-2.0,-0.26341763138771057,decreases risk
3,20539,0,0.1475454419851303,0.145,1,2,SEVERE_DELINQUENT_MONTHS_6M,0.0,-0.14313845336437225,decreases risk
3,20539,0,0.1475454419851303,0.145,1,3,DELINQUENT_MONTHS_6M,0.0,-0.12519201636314392,decreases risk
3,20539,0,0.1475454419851303,0.145,1,4,MEAN_UTILIZATION_6M,0.0016666666666666666,-0.07920801639556885,decreases risk
3,20539,0,0.1475454419851303,0.145,1,5,BILL_MAX_6M,1000.0,0.07914088666439056,increases risk
3,20539,0,0.1475454419851303,0.145,1,6,PAY_AMT3,0.0,0.07311059534549713,increases risk
3,20539,0,0.1475454419851303,0.145,1,7,BILL_CHANGE_RECENT_VS_OLDEST,1000.0,-0.06996741145849228,decreases risk
3,20539,0,0.1475454419851303,0.145,1,8,PAYMENT_MEAN_6M,0.0,0.06803461164236069,increases risk
3,20539,0,0.1475454419851303,0.145,1,9,PAY_3,-2.0,-0.06554227322340012,decreases risk
3,20539,0,0.1475454419851303,0.145,1,10,PAY_AMT1,0.0,0.05711548030376434,increases risk
4,2400,0,0.14747442305088043,0.145,1,1,PAY_0,0.0,-0.34004923701286316,decreases risk
4,2400,0,0.14747442305088043,0.145,1,2,SEVERE_DELINQUENT_MONTHS_6M,1.0,0.2117050737142563,increases risk
4,2400,0,0.14747442305088043,0.145,1,3,PAYMENT_MEAN_6M,30500.0,-0.17641384899616241,decreases risk
4,2400,0,0.14747442305088043,0.145,1,4,DELINQUENT_MONTHS_6M,1.0,0.1711207926273346,increases risk
4,2400,0,0.14747442305088043,0.145,1,5,LIMIT_BAL,260000.0,-0.11133860051631927,decreases risk
4,2400,0,0.14747442305088043,0.145,1,6,RECENT_DELAY_MONTHS,0.0,-0.08540484309196472,decreases risk
4,2400,0,0.14747442305088043,0.145,1,7,PAY_AMT1,107000.0,-0.08373277634382248,decreases risk
4,2400,0,0.14747442305088043,0.145,1,8,PAY_AMT2,0.0,0.07705024629831314,increases risk
4,2400,0,0.14747442305088043,0.145,1,9,MAX_DELAY_MONTHS_6M,2.0,0.07343178242444992,increases risk
4,2400,0,0.14747442305088043,0.145,1,10,PAY_AMT6,60000.0,-0.057591166347265244,decreases risk
5,14571,0,0.026480965316295624,0.145,0,1,PAY_0,-1.0,-0.2781694829463959,decreases risk
5,14571,0,0.026480965316295624,0.145,0,2,PAY_AMT2,43947.0,-0.21281686425209045,decreases risk
5,14571,0,0.026480965316295624,0.145,0,3,PAYMENT_MEAN_6M,24989.5,-0.21240483224391937,decreases risk
5,14571,0,0.026480965316295624,0.145,0,4,SEVERE_DELINQUENT_MONTHS_6M,0.0,-0.1508399397134781,decreases risk
5,14571,0,0.026480965316295624,0.145,0,5,LIMIT_BAL,400000.0,-0.1329120546579361,decreases risk
5,14571,0,0.026480965316295624,0.145,0,6,LATEST_UTILIZATION,0.122345,-0.11860008537769318,decreases risk
5,14571,0,0.026480965316295624,0.145,0,7,DELINQUENT_MONTHS_6M,0.0,-0.11570485681295395,decreases risk
5,14571,0,0.026480965316295624,0.145,0,8,BILL_AMT1,48938.0,-0.10065694898366928,decreases risk
5,14571,0,0.026480965316295624,0.145,0,9,PAY_AMT1,27703.0,-0.09722975641489029,decreases risk
5,14571,0,0.026480965316295624,0.145,0,10,ZERO_PAYMENT_MONTHS_6M,0.0,-0.09474580734968185,decreases risk
6,910,0,0.026789426803588867,0.145,0,1,PAY_0,0.0,-0.2919100224971771,decreases risk
6,910,0,0.026789426803588867,0.145,0,2,PAY_AMT2,50154.0,-0.22881831228733063,decreases risk
6,910,0,0.026789426803588867,0.145,0,3,PAYMENT_MEAN_6M,42888.833333333336,-0.21493811905384064,decreases risk
6,910,0,0.026789426803588867,0.145,0,4,SEVERE_DELINQUENT_MONTHS_6M,0.0,-0.15386030077934265,decreases risk
6,910,0,0.026789426803588867,0.145,0,5,LATEST_UTILIZATION,0.22176944444444444,-0.13399548828601837,decreases risk
6,910,0,0.026789426803588867,0.145,0,6,LIMIT_BAL,360000.0,-0.13069841265678406,decreases risk
6,910,0,0.026789426803588867,0.145,0,7,DELINQUENT_MONTHS_6M,0.0,-0.115300752222538,decreases risk
6,910,0,0.026789426803588867,0.145,0,8,BILL_AMT1,79837.0,-0.09606092423200607,decreases risk
6,910,0,0.026789426803588867,0.145,0,9,ZERO_PAYMENT_MONTHS_6M,0.0,-0.0949559435248375,decreases risk
6,910,0,0.026789426803588867,0.145,0,10,BILL_MEAN_6M,52520.666666666664,-0.09200626611709595,decreases risk
