semantic_feature,mean_abs_shap,mean_shap
PAY_0,0.2991177,-0.09292482
SEVERE_DELINQUENT_MONTHS_6M,0.18840393,-0.022047292
DELINQUENT_MONTHS_6M,0.14203793,-0.007969514
LATEST_UTILIZATION,0.06670239,-0.010129463
RECENT_DELAY_MONTHS,0.066250905,-0.024572335
LIMIT_BAL,0.06418583,-0.009245624
MAX_UTILIZATION_6M,0.063319094,0.0014183002
MEAN_DELAY_MONTHS_6M,0.06304764,-0.017282039
PAYMENT_MEAN_6M,0.057773534,-0.019005353
ZERO_PAYMENT_MONTHS_6M,0.055488512,-0.016662477
MAX_DELAY_MONTHS_6M,0.054046564,-0.0032945008
MEAN_UTILIZATION_6M,0.053721488,-0.0007181514
BILL_CHANGE_RECENT_VS_OLDEST,0.052632175,-0.005176626
BILL_AMT1,0.05234987,-0.019413102
BILL_MAX_6M,0.049485933,-0.0071217576
BILL_STD_6M,0.048808746,-0.0024088966
PAY_AMT1,0.048107624,-0.009397539
PAY_AMT2,0.046260387,-0.007412936
PAY_AMT3,0.040816527,-0.0124418745
BILL_MEAN_6M,0.03803902,-0.010462285
EDUCATION_GROUP,0.02899872,-0.00021565176
PAY_AMT6,0.027127927,-0.0014873744
MARRIAGE_GROUP,0.020021282,0.00019866503
BILL_AMT5,0.019765446,-0.0045904214
PAY_3,0.019395145,-0.005507548
PAYMENT_TO_LIMIT_6M,0.018593542,0.0029346272
PAYMENT_SUM_6M,0.01749293,-0.0072675208
PAY_AMT4,0.017476501,-0.002580892
PAYMENT_MAX_6M,0.017145997,-0.002030684
BILL_AMT3,0.015656115,0.007978199
BILL_MIN_6M,0.01188414,0.005154493
BILL_AMT2,0.010291939,0.002121591
PAY_AMT5,0.009943809,0.0020740004
BILL_AMT4,0.008674845,0.004495949
PAY_2,0.008556749,-0.00230987
BILL_AMT6,0.0066472422,-0.0013755112
PAY_6,0.0048411796,0.0015869384
PAY_5,0.0037850256,-0.00057944714
PAY_4,0.0032501977,0.0020455436
ZERO_LIMIT_FLAG,0.0,0.0
