feature,occurrences,mean_positive_shap
SEVERE_DELINQUENT_MONTHS_6M,3,0.3638506184021632
DELINQUENT_MONTHS_6M,3,0.21127816538016
MAX_DELAY_MONTHS_6M,3,0.08785379429658254
PAY_AMT3,3,0.07154847433169682
PAY_0,2,1.0258978009223938
MEAN_DELAY_MONTHS_6M,2,0.2062462493777275
RECENT_DELAY_MONTHS,2,0.1911114901304245
BILL_STD_6M,2,0.14396842569112778
PAY_AMT6,2,0.06670417822897434
ZERO_PAYMENT_MONTHS_6M,2,0.06091608479619026
BILL_MAX_6M,1,0.07914088666439056
PAY_AMT2,1,0.07705024629831314
PAYMENT_MEAN_6M,1,0.06803461164236069
PAY_AMT1,1,0.05711548030376434
