threshold,true_negatives,false_positives,false_negatives,true_positives,precision,recall,specificity,f1,predicted_positive_rate,false_positive_cost,false_negative_cost,total_cost_units,cost_per_1000
0.01,0,4673,0,1327,0.22116666666666668,1.0,0.0,0.362221918929985,1.0,1.0,5.0,4673.0,778.8333333333334
0.015,0,4673,0,1327,0.22116666666666668,1.0,0.0,0.362221918929985,1.0,1.0,5.0,4673.0,778.8333333333334
0.02,0,4673,0,1327,0.22116666666666668,1.0,0.0,0.362221918929985,1.0,1.0,5.0,4673.0,778.8333333333334
0.025,0,4673,0,1327,0.22116666666666668,1.0,0.0,0.362221918929985,1.0,1.0,5.0,4673.0,778.8333333333334
0.03,19,4654,0,1327,0.2218692526333389,1.0,0.004065910549967901,0.3631636562671045,0.9968333333333333,1.0,5.0,4654.0,775.6666666666666
0.035,72,4601,3,1324,0.22345991561181436,0.9977392614920875,0.015407661031457309,0.3651406508549366,0.9875,1.0,5.0,4616.0,769.3333333333333
0.04,157,4516,5,1322,0.2264474134977732,0.9962321024868124,0.033597260860261074,0.36901605024424283,0.973,1.0,5.0,4541.0,756.8333333333334
0.045,295,4378,7,1320,0.23166023166023167,0.9947249434815373,0.06312861117055425,0.3758007117437723,0.9496666666666667,1.0,5.0,4413.0,735.5
0.05,427,4246,18,1309,0.23564356435643563,0.9864355689525245,0.09137598972822598,0.3804126707352513,0.9258333333333333,1.0,5.0,4336.0,722.6666666666666
0.055,570,4103,26,1301,0.24074759437453738,0.9804069329314242,0.12197731649903702,0.3865696033278859,0.9006666666666666,1.0,5.0,4233.0,705.5
0.06,718,3955,31,1296,0.2468101314035422,0.9766390354182366,0.15364861973036592,0.3940407418668288,0.8751666666666666,1.0,5.0,4110.0,685.0
0.065,862,3811,43,1284,0.25201177625122667,0.9675960813865863,0.18446394179328054,0.3998754282155092,0.8491666666666666,1.0,5.0,4026.0,671.0
0.07,983,3690,53,1274,0.2566478646253022,0.960060286360211,0.21035737213781297,0.40502304879987294,0.8273333333333334,1.0,5.0,3955.0,659.1666666666666
0.075,1145,3528,63,1264,0.2637729549248748,0.9525244913338358,0.24502460945859192,0.41313940186304954,0.7986666666666666,1.0,5.0,3843.0,640.5
0.08,1272,3401,76,1251,0.26891659501289766,0.9427279577995479,0.27220201155574575,0.41846462619167085,0.7753333333333333,1.0,5.0,3781.0,630.1666666666666
0.085,1365,3308,84,1243,0.27312678532190726,0.9366993217784476,0.29210357372137813,0.4229329703980945,0.7585,1.0,5.0,3728.0,621.3333333333333
0.09,1481,3192,88,1239,0.2796208530805687,0.9336850037678975,0.3169270276053927,0.43035776311219176,0.7385,1.0,5.0,3632.0,605.3333333333333
0.095,1580,3093,100,1227,0.28402777777777777,0.9246420497362472,0.3381125615236465,0.4345670267398619,0.72,1.0,5.0,3593.0,598.8333333333334
0.1,1666,3007,111,1216,0.2879469571394743,0.9163526752072344,0.3565161566445538,0.43819819819819816,0.7038333333333333,1.0,5.0,3562.0,593.6666666666666
0.105,1773,2900,123,1204,0.2933723196881092,0.9073097211755841,0.3794136528996362,0.44338059289265325,0.684,1.0,5.0,3515.0,585.8333333333334
0.11,1868,2805,137,1190,0.2978723404255319,0.8967596081386586,0.3997432056494757,0.4472003006388575,0.6658333333333334,1.0,5.0,3490.0,581.6666666666666
0.115,1988,2685,149,1178,0.3049443437742687,0.8877166541070083,0.42542264070190455,0.45394990366088633,0.6438333333333334,1.0,5.0,3430.0,571.6666666666666
0.12,2106,2567,163,1164,0.31198070222460467,0.8771665410700829,0.45067408517012625,0.46026097271648875,0.6218333333333333,1.0,5.0,3382.0,563.6666666666666
0.125,2237,2436,179,1148,0.3203125,0.8651092690278824,0.4787074684356944,0.4675218896355121,0.5973333333333334,1.0,5.0,3331.0,555.1666666666667
0.13,2345,2328,191,1136,0.3279445727482679,0.8560663149962321,0.5018189599828804,0.47422250052181175,0.5773333333333334,1.0,5.0,3283.0,547.1666666666667
0.135,2461,2212,208,1119,0.33593515460822576,0.8432554634513941,0.5266424138668949,0.480463718334049,0.5551666666666667,1.0,5.0,3252.0,542.0
0.14,2579,2094,223,1104,0.3452157598499062,0.8319517709118311,0.5518938583351166,0.48795580110497244,0.533,1.0,5.0,3209.0,534.8333333333334
0.145,2694,1979,238,1089,0.35495436766623206,0.8206480783722683,0.5765033169270276,0.49556313993174056,0.5113333333333333,1.0,5.0,3169.0,528.1666666666666
0.15,2810,1863,263,1064,0.3635121284591732,0.80180859080633,0.6013267708110421,0.5002350728725905,0.48783333333333334,1.0,5.0,3178.0,529.6666666666666
0.155,2921,1752,291,1036,0.3715925394548063,0.7807083647324793,0.6250802482345389,0.5035236938031592,0.4646666666666667,1.0,5.0,3207.0,534.5
0.16,3026,1647,309,1018,0.3819887429643527,0.7671439336850038,0.647549753905414,0.5100200400801603,0.44416666666666665,1.0,5.0,3192.0,532.0
0.165,3108,1565,332,995,0.388671875,0.7498116051243406,0.6650973678579071,0.5119629534345254,0.4266666666666667,1.0,5.0,3225.0,537.5
0.17,3204,1469,346,981,0.40040816326530615,0.7392614920874152,0.6856409158998502,0.5194598888006354,0.4083333333333333,1.0,5.0,3199.0,533.1666666666666
0.175,3258,1415,369,958,0.40370838600927095,0.7219291635267521,0.6971966616734432,0.5178378378378378,0.3955,1.0,5.0,3260.0,543.3333333333334
0.18,3321,1352,391,936,0.4090909090909091,0.7053504144687265,0.7106783650759684,0.5178423236514523,0.38133333333333336,1.0,5.0,3307.0,551.1666666666667
0.185,3385,1288,399,928,0.4187725631768953,0.6993217784476262,0.7243740637705971,0.5238498447643241,0.36933333333333335,1.0,5.0,3283.0,547.1666666666667
0.19,3435,1238,407,920,0.4263206672845227,0.693293142426526,0.7350738283757757,0.5279770444763271,0.3596666666666667,1.0,5.0,3273.0,545.5
0.195,3486,1187,417,910,0.4339532665712923,0.6857573474001507,0.745987588273058,0.5315420560747663,0.3495,1.0,5.0,3272.0,545.3333333333334
0.2,3530,1143,433,894,0.43888070692194403,0.6737000753579503,0.7554033811256152,0.5315101070154578,0.3395,1.0,5.0,3308.0,551.3333333333334
0.205,3578,1095,445,882,0.44613050075872535,0.6646571213263,0.7656751551465868,0.5338983050847458,0.3295,1.0,5.0,3320.0,553.3333333333334
0.21,3617,1056,458,869,0.4514285714285714,0.6548605877920121,0.7740209715386261,0.534440344403444,0.32083333333333336,1.0,5.0,3346.0,557.6666666666666
0.215,3655,1018,466,861,0.4582224587546567,0.6488319517709118,0.782152792638562,0.537117903930131,0.31316666666666665,1.0,5.0,3348.0,558.0
0.22,3693,980,475,852,0.4650655021834061,0.6420497362471741,0.7902846137384978,0.5394112060778726,0.30533333333333335,1.0,5.0,3355.0,559.1666666666667
0.225,3719,954,484,843,0.4691151919866444,0.6352675207234363,0.7958484913331907,0.5396927016645326,0.2995,1.0,5.0,3374.0,562.3333333333334
0.23,3746,927,495,832,0.47299602046617395,0.6269781461944235,0.8016263642199871,0.5392093324692159,0.2931666666666667,1.0,5.0,3402.0,567.0
0.235,3774,899,503,824,0.4782356355194428,0.6209495101733233,0.8076182323988872,0.5403278688524591,0.2871666666666667,1.0,5.0,3414.0,569.0
0.24,3799,874,514,813,0.4819205690574985,0.6126601356443104,0.8129681147014766,0.5394824153948241,0.2811666666666667,1.0,5.0,3444.0,574.0
0.245,3823,850,520,807,0.48702474351237174,0.6081386586284853,0.8181040017119623,0.5408847184986595,0.27616666666666667,1.0,5.0,3450.0,575.0
0.25,3852,821,529,798,0.4928968499073502,0.6013564431047476,0.824309865182966,0.5417515274949083,0.2698333333333333,1.0,5.0,3466.0,577.6666666666666
0.255,3879,794,536,791,0.49905362776025236,0.5960813865862848,0.8300877380697624,0.5432692307692307,0.26416666666666666,1.0,5.0,3474.0,579.0
0.26,3905,768,546,781,0.5041962556488057,0.5885455915599096,0.8356516156644553,0.543115438108484,0.25816666666666666,1.0,5.0,3498.0,583.0
0.265,3933,740,555,772,0.5105820105820106,0.5817633760361718,0.8416434838433554,0.5438534695315252,0.252,1.0,5.0,3515.0,585.8333333333334
0.27,3956,717,562,765,0.5161943319838057,0.5764883195177091,0.8465653755617376,0.5446778212887148,0.247,1.0,5.0,3527.0,587.8333333333334
0.275,3969,704,568,759,0.518796992481203,0.5719668425018839,0.8493473143590841,0.5440860215053762,0.24383333333333335,1.0,5.0,3544.0,590.6666666666666
0.28,3995,678,572,755,0.5268667131891137,0.5689525244913338,0.8549111919537771,0.5471014492753623,0.23883333333333334,1.0,5.0,3538.0,589.6666666666666
0.285,4011,662,577,750,0.5311614730878187,0.5651846269781462,0.8583351166274342,0.547645125958379,0.23533333333333334,1.0,5.0,3547.0,591.1666666666666
0.29,4031,642,586,741,0.5357917570498916,0.5584024114544084,0.8626150224695057,0.5468634686346863,0.2305,1.0,5.0,3572.0,595.3333333333334
0.295,4056,617,592,735,0.5436390532544378,0.5538809344385832,0.867964904772095,0.5487122060470324,0.22533333333333333,1.0,5.0,3577.0,596.1666666666666
0.3,4076,597,601,726,0.5487528344671202,0.5470987189148455,0.8722448106141665,0.5479245283018868,0.2205,1.0,5.0,3602.0,600.3333333333334
0.305,4090,583,609,718,0.5518831667947732,0.5410700828937453,0.8752407447036166,0.5464231354642314,0.21683333333333332,1.0,5.0,3628.0,604.6666666666667
0.31,4100,573,613,714,0.5547785547785548,0.5380557648831952,0.8773806976246522,0.5462892119357308,0.2145,1.0,5.0,3638.0,606.3333333333333
0.315,4112,561,617,710,0.5586152635719905,0.5350414468726451,0.8799486411298951,0.5465742879137797,0.21183333333333335,1.0,5.0,3646.0,607.6666666666667
0.32,4133,540,624,703,0.5655671761866452,0.5297663903541824,0.8844425422640702,0.5470817120622568,0.20716666666666667,1.0,5.0,3660.0,610.0
0.325,4143,530,629,698,0.5684039087947883,0.5259984928409948,0.8865824951851059,0.5463796477495109,0.20466666666666666,1.0,5.0,3675.0,612.5
0.33,4157,516,634,693,0.5732009925558312,0.5222305953278071,0.889578429274556,0.5465299684542587,0.2015,1.0,5.0,3686.0,614.3333333333333
0.335,4169,504,643,684,0.5757575757575758,0.5154483798040693,0.8921463727797988,0.5439363817097416,0.198,1.0,5.0,3719.0,619.8333333333334
0.34,4182,491,651,676,0.5792630676949443,0.5094197437829691,0.8949283115771453,0.5421010425020049,0.1945,1.0,5.0,3746.0,624.3333333333333
0.345,4195,478,663,664,0.5814360770577933,0.5003767897513187,0.8977102503744918,0.5378695828270554,0.19033333333333333,1.0,5.0,3793.0,632.1666666666666
0.35,4205,468,671,656,0.5836298932384342,0.49434815373021856,0.8998502032955275,0.5352917176662587,0.18733333333333332,1.0,5.0,3823.0,637.1666666666666
0.355,4219,454,675,652,0.5895117540687161,0.49133383571966843,0.9028461373849775,0.5359638306617345,0.18433333333333332,1.0,5.0,3829.0,638.1666666666666
0.36,4227,446,679,648,0.5923217550274223,0.4883195177091183,0.9045580997218061,0.5353159851301115,0.18233333333333332,1.0,5.0,3841.0,640.1666666666666
0.365,4242,431,688,639,0.597196261682243,0.48153730218538054,0.9077680291033597,0.5331664580725908,0.17833333333333334,1.0,5.0,3871.0,645.1666666666666
0.37,4274,399,704,623,0.6095890410958904,0.4694800301431801,0.914615878450674,0.530438484461473,0.17033333333333334,1.0,5.0,3919.0,653.1666666666666
0.375,4298,375,716,611,0.6196754563894523,0.4604370761115298,0.9197517654611599,0.5283182014699525,0.16433333333333333,1.0,5.0,3955.0,659.1666666666666
0.38,4307,366,724,603,0.6222910216718266,0.4544084400904295,0.921677723090092,0.5252613240418118,0.1615,1.0,5.0,3986.0,664.3333333333334
0.385,4316,357,732,595,0.625,0.4483798040693293,0.9236036807190242,0.5221588415971917,0.15866666666666668,1.0,5.0,4017.0,669.5
0.39,4321,352,740,587,0.625133120340788,0.4423511680482291,0.9246736571795421,0.5180935569285083,0.1565,1.0,5.0,4052.0,675.3333333333334
0.395,4330,343,744,583,0.6295896328293736,0.43933685003767897,0.9265996148084742,0.5175321793164669,0.15433333333333332,1.0,5.0,4063.0,677.1666666666667
0.4,4337,336,748,579,0.6327868852459017,0.43632253202712884,0.9280975818531992,0.5165031222123104,0.1525,1.0,5.0,4076.0,679.3333333333334
0.405,4348,325,760,567,0.6356502242152466,0.4272795779954785,0.9304515300663385,0.5110410094637224,0.14866666666666667,1.0,5.0,4125.0,687.5
0.41,4356,317,768,559,0.6381278538812786,0.4212509419743783,0.9321634924031671,0.507489786654562,0.146,1.0,5.0,4157.0,692.8333333333333
0.415,4358,315,778,549,0.6354166666666666,0.413715146948003,0.9325914829873743,0.5011410314924691,0.144,1.0,5.0,4205.0,700.8333333333333
0.42,4365,308,780,547,0.639766081871345,0.41220798794272795,0.9340894500320993,0.5013748854262144,0.1425,1.0,5.0,4208.0,701.3333333333334
0.425,4375,298,789,538,0.6435406698564593,0.4054257724189902,0.9362294029531351,0.497457235321313,0.13933333333333334,1.0,5.0,4243.0,707.1666666666667
0.43,4379,294,793,534,0.644927536231884,0.4024114544084401,0.9370853841215493,0.49559164733178657,0.138,1.0,5.0,4259.0,709.8333333333334
0.435,4389,284,797,530,0.6511056511056511,0.39939713639789,0.939225337042585,0.4950957496496964,0.13566666666666666,1.0,5.0,4269.0,711.5
0.44,4396,277,803,524,0.6541822721598003,0.3948756593820648,0.9407233040873101,0.4924812030075188,0.1335,1.0,5.0,4292.0,715.3333333333334
0.445,4398,275,808,519,0.6536523929471033,0.3911077618688772,0.9411512946715173,0.48939179632248936,0.13233333333333333,1.0,5.0,4315.0,719.1666666666666
0.45,4400,273,814,513,0.6526717557251909,0.386586284853052,0.9415792852557243,0.48556554661618556,0.131,1.0,5.0,4343.0,723.8333333333334
0.455,4409,264,818,509,0.6584734799482536,0.3835719668425019,0.9435052428846565,0.4847619047619048,0.12883333333333333,1.0,5.0,4354.0,725.6666666666666
0.46,4413,260,824,503,0.6592398427260813,0.3790504898266767,0.9443612240530709,0.4813397129186603,0.12716666666666668,1.0,5.0,4380.0,730.0
0.465,4419,254,829,498,0.6622340425531915,0.3752825923134891,0.9456451958056923,0.4790764790764791,0.12533333333333332,1.0,5.0,4399.0,733.1666666666666
0.47,4429,244,833,494,0.6693766937669376,0.37226827430293896,0.947785148726728,0.478450363196126,0.123,1.0,5.0,4409.0,734.8333333333334
0.475,4433,240,836,491,0.6716826265389877,0.3700075357950264,0.9486411298951423,0.4771622934888241,0.12183333333333334,1.0,5.0,4420.0,736.6666666666667
0.48,4436,237,839,488,0.6731034482758621,0.3677467972871138,0.9492831157714531,0.4756335282651072,0.12083333333333333,1.0,5.0,4432.0,738.6666666666667
0.485,4437,236,841,486,0.6731301939058172,0.36623963828183875,0.9494971110635566,0.4743777452415813,0.12033333333333333,1.0,5.0,4441.0,740.1666666666666
0.49,4439,234,843,484,0.6740947075208914,0.36473247927656366,0.9499251016477638,0.47334963325183377,0.11966666666666667,1.0,5.0,4449.0,741.5
0.495,4444,229,846,481,0.6774647887323944,0.3624717407686511,0.9509950781082817,0.4722631320569465,0.11833333333333333,1.0,5.0,4459.0,743.1666666666666
0.5,4448,225,849,478,0.6799431009957326,0.3602110022607385,0.9518510592766959,0.47093596059113296,0.11716666666666667,1.0,5.0,4470.0,745.0
0.505,4454,219,853,474,0.683982683982684,0.3571966842501884,0.9531350310293174,0.46930693069306934,0.1155,1.0,5.0,4484.0,747.3333333333333
0.51,4459,214,860,467,0.6857562408223201,0.3519216277317257,0.9542050074898353,0.46513944223107573,0.1135,1.0,5.0,4514.0,752.3333333333333
0.515,4462,211,864,463,0.6869436201780416,0.34890730972117556,0.954846993366146,0.46276861569215394,0.11233333333333333,1.0,5.0,4531.0,755.1666666666666
0.52,4465,208,869,458,0.6876876876876877,0.34513941220798794,0.9554889792424567,0.45960863020572,0.111,1.0,5.0,4553.0,758.8333333333334
0.525,4470,203,870,457,0.6924242424242424,0.3443858327053504,0.9565589557029746,0.45998993457473575,0.11,1.0,5.0,4553.0,758.8333333333334
0.53,4475,198,875,452,0.6953846153846154,0.34061793519216277,0.9576289321634924,0.4572584724329792,0.10833333333333334,1.0,5.0,4573.0,762.1666666666666
0.535,4480,193,881,446,0.6979655712050078,0.3360964581763376,0.9586989086240103,0.4537131230925738,0.1065,1.0,5.0,4598.0,766.3333333333333
0.54,4486,187,887,440,0.7017543859649122,0.3315749811605124,0.9599828803766317,0.4503582395087001,0.1045,1.0,5.0,4622.0,770.3333333333333
0.545,4490,183,893,434,0.7034035656401945,0.32705350414468726,0.960838861545046,0.44650205761316875,0.10283333333333333,1.0,5.0,4648.0,774.6666666666666
0.55,4491,182,897,430,0.7026143790849673,0.3240391861341371,0.9610528568371496,0.4435275915420319,0.102,1.0,5.0,4667.0,777.8333333333334
0.555,4493,180,899,428,0.7039473684210527,0.3225320271288621,0.9614808474213568,0.4423772609819121,0.10133333333333333,1.0,5.0,4675.0,779.1666666666666
0.56,4497,176,901,426,0.707641196013289,0.32102486812358705,0.962336828589771,0.4416796267496112,0.10033333333333333,1.0,5.0,4681.0,780.1666666666666
0.565,4500,173,904,423,0.709731543624161,0.31876412961567446,0.9629788144660818,0.4399375975039002,0.09933333333333333,1.0,5.0,4693.0,782.1666666666666
0.57,4507,166,911,416,0.7147766323024055,0.31348907309721175,0.9644767815108067,0.4358302776322683,0.097,1.0,5.0,4721.0,786.8333333333334
0.575,4511,162,919,408,0.7157894736842105,0.30746043707611154,0.9653327626792211,0.430152872957301,0.095,1.0,5.0,4757.0,792.8333333333333
0.58,4511,162,925,402,0.7127659574468085,0.30293896006028637,0.9653327626792211,0.4251718667371761,0.094,1.0,5.0,4787.0,797.8333333333333
0.585,4512,161,932,395,0.710431654676259,0.29766390354182365,0.9655467579713246,0.41954328199681357,0.09266666666666666,1.0,5.0,4821.0,803.5
0.59,4515,158,938,389,0.7111517367458866,0.2931424265259985,0.9661887438476353,0.41515474919957307,0.09116666666666666,1.0,5.0,4848.0,808.0
0.595,4519,154,939,388,0.7158671586715867,0.292388847023361,0.9670447250160497,0.415195291599786,0.09033333333333333,1.0,5.0,4849.0,808.1666666666667
0.6,4522,151,942,385,0.7182835820895522,0.2901281085154484,0.9676867108923604,0.4133118625872249,0.08933333333333333,1.0,5.0,4861.0,810.1666666666667
0.605,4524,149,943,384,0.7204502814258912,0.28937452901281085,0.9681147014765675,0.4129032258064516,0.08883333333333333,1.0,5.0,4864.0,810.6666666666666
0.61,4528,145,945,382,0.7248576850094877,0.2878673700075358,0.9689706826449818,0.4120819848975189,0.08783333333333333,1.0,5.0,4870.0,811.6666666666666
0.615,4529,144,957,370,0.7198443579766537,0.2788244159758855,0.9691846779370854,0.40195545898967955,0.08566666666666667,1.0,5.0,4929.0,821.5
0.62,4530,143,959,368,0.7201565557729941,0.2773172569706104,0.9693986732291889,0.4004352557127312,0.08516666666666667,1.0,5.0,4938.0,823.0
0.625,4533,140,968,359,0.7194388777555111,0.2705350414468726,0.9700406591054996,0.3932092004381161,0.08316666666666667,1.0,5.0,4980.0,830.0
0.63,4536,137,977,350,0.7186858316221766,0.26375282592313487,0.9706826449818104,0.3858875413450937,0.08116666666666666,1.0,5.0,5022.0,837.0
0.635,4540,133,985,342,0.72,0.25772418990203466,0.9715386261502247,0.3795782463928968,0.07916666666666666,1.0,5.0,5058.0,843.0
0.64,4547,126,989,338,0.728448275862069,0.25470987189148453,0.9730365931949497,0.3774427694025684,0.07733333333333334,1.0,5.0,5071.0,845.1666666666666
0.645,4552,121,999,328,0.7305122494432071,0.24717407686510928,0.9741065696554676,0.36936936936936937,0.07483333333333334,1.0,5.0,5116.0,852.6666666666666
0.65,4562,111,1013,314,0.7388235294117647,0.23662396382818388,0.9762465225765034,0.3584474885844749,0.07083333333333333,1.0,5.0,5176.0,862.6666666666667
0.655,4565,108,1023,304,0.7378640776699029,0.2290881688018086,0.976888508452814,0.3496262219666475,0.06866666666666667,1.0,5.0,5223.0,870.5
0.66,4569,104,1037,290,0.7360406091370558,0.2185380557648832,0.9777444896212283,0.33701336432306794,0.06566666666666666,1.0,5.0,5289.0,881.5
0.665,4575,98,1048,279,0.7400530503978779,0.21024868123587037,0.9790284613738498,0.3274647887323944,0.06283333333333334,1.0,5.0,5338.0,889.6666666666667
0.67,4581,92,1055,272,0.7472527472527473,0.20497362471740768,0.9803124331264712,0.32170313424009467,0.06066666666666667,1.0,5.0,5367.0,894.5
0.675,4585,88,1061,266,0.751412429378531,0.2004521477015825,0.9811684142948855,0.31647828673408684,0.059,1.0,5.0,5393.0,898.8333333333334
0.68,4589,84,1073,254,0.7514792899408284,0.19140919366993217,0.9820243954632998,0.30510510510510513,0.05633333333333333,1.0,5.0,5449.0,908.1666666666666
0.685,4593,80,1085,242,0.7515527950310559,0.18236623963828183,0.9828803766317141,0.29351121892055787,0.05366666666666667,1.0,5.0,5505.0,917.5
0.69,4598,75,1094,233,0.7564935064935064,0.17558402411454407,0.983950353092232,0.2850152905198777,0.051333333333333335,1.0,5.0,5545.0,924.1666666666667
0.695,4604,69,1104,223,0.7636986301369864,0.1680482290881688,0.9852343248448534,0.275478690549722,0.048666666666666664,1.0,5.0,5589.0,931.5
0.7,4609,64,1112,215,0.7706093189964157,0.16201959306706856,0.9863043013053713,0.2677459526774595,0.0465,1.0,5.0,5624.0,937.3333333333334
0.705,4614,59,1120,207,0.7781954887218046,0.15599095704596835,0.9873742777658892,0.25988700564971756,0.044333333333333336,1.0,5.0,5659.0,943.1666666666667
0.71,4614,59,1127,200,0.7722007722007722,0.15071590052750566,0.9873742777658892,0.25220680958385877,0.043166666666666666,1.0,5.0,5694.0,949.0
0.715,4620,53,1139,188,0.7800829875518672,0.14167294649585532,0.9886582495185106,0.23979591836734693,0.04016666666666667,1.0,5.0,5748.0,958.0
0.72,4624,49,1153,174,0.7802690582959642,0.13112283345892992,0.9895142306869249,0.22451612903225804,0.03716666666666667,1.0,5.0,5814.0,969.0
0.725,4626,47,1164,163,0.7761904761904762,0.12283345892991711,0.9899422212711321,0.2121014964216005,0.035,1.0,5.0,5867.0,977.8333333333334
0.73,4637,36,1178,149,0.8054054054054054,0.11228334589299171,0.9922961694842714,0.19708994708994712,0.030833333333333334,1.0,5.0,5926.0,987.6666666666667
0.735,4639,34,1186,141,0.8057142857142857,0.10625470987189148,0.9927241600684785,0.1877496671105193,0.029166666666666667,1.0,5.0,5964.0,994.0
0.74,4641,32,1200,127,0.7987421383647799,0.09570459683496609,0.9931521506526857,0.17092866756393,0.0265,1.0,5.0,6032.0,1005.3333333333334
0.745,4644,29,1212,115,0.7986111111111112,0.08666164280331574,0.9937941365289964,0.15635622025832766,0.024,1.0,5.0,6089.0,1014.8333333333333
0.75,4646,27,1221,106,0.7969924812030075,0.07987942727957799,0.9942221271132035,0.14520547945205478,0.022166666666666668,1.0,5.0,6132.0,1022.0
0.755,4648,25,1229,98,0.7967479674796748,0.07385079125847777,0.9946501176974106,0.13517241379310344,0.0205,1.0,5.0,6170.0,1028.3333333333333
0.76,4651,22,1236,91,0.8053097345132744,0.06857573474001508,0.9952921035737213,0.12638888888888888,0.018833333333333334,1.0,5.0,6202.0,1033.6666666666667
0.765,4657,16,1243,84,0.84,0.06330067822155237,0.9965760753263428,0.11772950245269796,0.016666666666666666,1.0,5.0,6231.0,1038.5
0.77,4658,15,1253,74,0.8314606741573034,0.05576488319517709,0.9967900706184464,0.10451977401129944,0.014833333333333334,1.0,5.0,6280.0,1046.6666666666667
0.775,4662,11,1268,59,0.8428571428571429,0.044461190655614165,0.9976460517868607,0.08446671438797422,0.011666666666666667,1.0,5.0,6351.0,1058.5
0.78,4664,9,1280,47,0.8392857142857143,0.03541823662396383,0.9980740423710678,0.06796818510484455,0.009333333333333334,1.0,5.0,6409.0,1068.1666666666667
0.785,4665,8,1287,40,0.8333333333333334,0.03014318010550113,0.9982880376631714,0.05818181818181818,0.008,1.0,5.0,6443.0,1073.8333333333335
0.79,4667,6,1290,37,0.8604651162790697,0.027882441597588545,0.9987160282473786,0.05401459854014598,0.007166666666666667,1.0,5.0,6456.0,1076.0
0.795,4667,6,1297,30,0.8333333333333334,0.02260738507912585,0.9987160282473786,0.04402054292002935,0.006,1.0,5.0,6491.0,1081.8333333333335
0.8,4668,5,1303,24,0.8275862068965517,0.01808590806330068,0.9989300235394821,0.035398230088495575,0.004833333333333334,1.0,5.0,6520.0,1086.6666666666667
0.805,4668,5,1309,18,0.782608695652174,0.013564431047475508,0.9989300235394821,0.026666666666666665,0.003833333333333333,1.0,5.0,6550.0,1091.6666666666665
0.81,4670,3,1313,14,0.8235294117647058,0.010550113036925395,0.9993580141236893,0.02083333333333333,0.0028333333333333335,1.0,5.0,6568.0,1094.6666666666667
0.815,4670,3,1315,12,0.8,0.00904295403165034,0.9993580141236893,0.01788375558867362,0.0025,1.0,5.0,6578.0,1096.3333333333335
0.82,4671,2,1318,9,0.8181818181818182,0.006782215523737754,0.9995720094157928,0.013452914798206279,0.0018333333333333333,1.0,5.0,6592.0,1098.6666666666667
0.825,4671,2,1318,9,0.8181818181818182,0.006782215523737754,0.9995720094157928,0.013452914798206279,0.0018333333333333333,1.0,5.0,6592.0,1098.6666666666667
0.83,4671,2,1318,9,0.8181818181818182,0.006782215523737754,0.9995720094157928,0.013452914798206279,0.0018333333333333333,1.0,5.0,6592.0,1098.6666666666667
0.835,4672,1,1318,9,0.9,0.006782215523737754,0.9997860047078965,0.013462976813762155,0.0016666666666666668,1.0,5.0,6591.0,1098.5
0.84,4672,1,1319,8,0.8888888888888888,0.006028636021100226,0.9997860047078965,0.011976047904191616,0.0015,1.0,5.0,6596.0,1099.3333333333333
0.845,4673,0,1319,8,1.0,0.006028636021100226,1.0,0.01198501872659176,0.0013333333333333333,1.0,5.0,6595.0,1099.1666666666665
0.85,4673,0,1322,5,1.0,0.0037678975131876413,1.0,0.0075075075075075074,0.0008333333333333334,1.0,5.0,6610.0,1101.6666666666665
0.855,4673,0,1323,4,1.0,0.003014318010550113,1.0,0.0060105184072126215,0.0006666666666666666,1.0,5.0,6615.0,1102.5
0.86,4673,0,1324,3,1.0,0.002260738507912585,1.0,0.004511278195488722,0.0005,1.0,5.0,6620.0,1103.3333333333333
0.865,4673,0,1325,2,1.0,0.0015071590052750565,1.0,0.0030097817908201654,0.0003333333333333333,1.0,5.0,6625.0,1104.1666666666667
0.87,4673,0,1325,2,1.0,0.0015071590052750565,1.0,0.0030097817908201654,0.0003333333333333333,1.0,5.0,6625.0,1104.1666666666667
0.875,4673,0,1326,1,1.0,0.0007535795026375283,1.0,0.0015060240963855422,0.00016666666666666666,1.0,5.0,6630.0,1105.0
0.88,4673,0,1327,0,0.0,0.0,1.0,0.0,0.0,1.0,5.0,6635.0,1105.8333333333333
0.885,4673,0,1327,0,0.0,0.0,1.0,0.0,0.0,1.0,5.0,6635.0,1105.8333333333333
0.89,4673,0,1327,0,0.0,0.0,1.0,0.0,0.0,1.0,5.0,6635.0,1105.8333333333333
0.895,4673,0,1327,0,0.0,0.0,1.0,0.0,0.0,1.0,5.0,6635.0,1105.8333333333333
0.9,4673,0,1327,0,0.0,0.0,1.0,0.0,0.0,1.0,5.0,6635.0,1105.8333333333333
0.905,4673,0,1327,0,0.0,0.0,1.0,0.0,0.0,1.0,5.0,6635.0,1105.8333333333333
0.91,4673,0,1327,0,0.0,0.0,1.0,0.0,0.0,1.0,5.0,6635.0,1105.8333333333333
0.915,4673,0,1327,0,0.0,0.0,1.0,0.0,0.0,1.0,5.0,6635.0,1105.8333333333333
0.92,4673,0,1327,0,0.0,0.0,1.0,0.0,0.0,1.0,5.0,6635.0,1105.8333333333333
0.925,4673,0,1327,0,0.0,0.0,1.0,0.0,0.0,1.0,5.0,6635.0,1105.8333333333333
0.93,4673,0,1327,0,0.0,0.0,1.0,0.0,0.0,1.0,5.0,6635.0,1105.8333333333333
0.935,4673,0,1327,0,0.0,0.0,1.0,0.0,0.0,1.0,5.0,6635.0,1105.8333333333333
0.94,4673,0,1327,0,0.0,0.0,1.0,0.0,0.0,1.0,5.0,6635.0,1105.8333333333333
0.945,4673,0,1327,0,0.0,0.0,1.0,0.0,0.0,1.0,5.0,6635.0,1105.8333333333333
0.95,4673,0,1327,0,0.0,0.0,1.0,0.0,0.0,1.0,5.0,6635.0,1105.8333333333333
0.955,4673,0,1327,0,0.0,0.0,1.0,0.0,0.0,1.0,5.0,6635.0,1105.8333333333333
0.96,4673,0,1327,0,0.0,0.0,1.0,0.0,0.0,1.0,5.0,6635.0,1105.8333333333333
0.965,4673,0,1327,0,0.0,0.0,1.0,0.0,0.0,1.0,5.0,6635.0,1105.8333333333333
0.97,4673,0,1327,0,0.0,0.0,1.0,0.0,0.0,1.0,5.0,6635.0,1105.8333333333333
0.975,4673,0,1327,0,0.0,0.0,1.0,0.0,0.0,1.0,5.0,6635.0,1105.8333333333333
0.98,4673,0,1327,0,0.0,0.0,1.0,0.0,0.0,1.0,5.0,6635.0,1105.8333333333333
0.985,4673,0,1327,0,0.0,0.0,1.0,0.0,0.0,1.0,5.0,6635.0,1105.8333333333333
0.99,4673,0,1327,0,0.0,0.0,1.0,0.0,0.0,1.0,5.0,6635.0,1105.8333333333333
