feature,importance
PAY_0,0.17153591
DELINQUENT_MONTHS_6M,0.15708087
SEVERE_DELINQUENT_MONTHS_6M,0.13845336
MAX_DELAY_MONTHS_6M,0.1328666
RECENT_DELAY_MONTHS,0.038566865
MEAN_DELAY_MONTHS_6M,0.026787952
BILL_MAX_6M,0.01466289
PAY_3,0.0140161915
BILL_MEAN_6M,0.012628511
ZERO_PAYMENT_MONTHS_6M,0.011228905
MAX_UTILIZATION_6M,0.011147559
LATEST_UTILIZATION,0.0097552305
LIMIT_BAL,0.009679461
EDUCATION_GROUP_undocumented,0.00929858
BILL_STD_6M,0.009255868
PAYMENT_MEAN_6M,0.009246373
BILL_AMT1,0.00920831
PAYMENT_MAX_6M,0.008864467
PAY_AMT1,0.008792105
PAYMENT_SUM_6M,0.00872739
PAY_AMT2,0.008574655
PAY_2,0.008322916
MEAN_UTILIZATION_6M,0.008178871
PAY_6,0.00809166
BILL_AMT5,0.008017615
PAY_AMT6,0.007890164
BILL_AMT2,0.007834933
PAY_AMT3,0.0077312402
BILL_MIN_6M,0.007609853
MARRIAGE_GROUP_other_documented,0.0075791264
PAY_4,0.007550891
BILL_CHANGE_RECENT_VS_OLDEST,0.0074985763
PAYMENT_TO_LIMIT_6M,0.007459608
EDUCATION_GROUP_high_school,0.007413896
BILL_AMT3,0.007354716
PAY_AMT4,0.0073326463
BILL_AMT4,0.007130206
BILL_AMT6,0.007041607
PAY_5,0.0069838394
EDUCATION_GROUP_university,0.0069628065
EDUCATION_GROUP_graduate_school,0.006949332
PAY_AMT5,0.006766769
MARRIAGE_GROUP_single,0.0067412923
MARRIAGE_GROUP_married,0.0066429237
MARRIAGE_GROUP_undocumented,0.0043968493
EDUCATION_GROUP_other_documented,0.0041396273
ZERO_LIMIT_FLAG,0.0
